Timestamp,"CO1: I am able to explain the fundamental principles of renewable energy conversion systems","CO2: I am able to analyze the performance of wind and solar energy systems under given conditions","CO3: I am able to design a small-scale renewable energy system for a specified application"
2026/12/10 10:02:11,5,4,4
2026/12/10 10:03:45,4,4,3
2026/12/10 10:04:02,5,5,5
2026/12/10 10:05:19,3,4,4
2026/12/10 10:06:31,4,3,2
2026/12/10 10:07:55,5,4,4
2026/12/10 10:08:40,4,5,4
2026/12/10 10:09:12,2,3,3
2026/12/10 10:10:27,4,4,5
2026/12/10 10:11:03,5,5,4
2026/12/10 10:12:48,4,4,4
2026/12/10 10:13:20,3,2,3
2026/12/10 10:14:36,5,4,5
2026/12/10 10:15:09,4,5,4
2026/12/10 10:16:52,4,3,4
2026/12/10 10:17:14,5,4,3
2026/12/10 10:18:41,3,4,4
2026/12/10 10:19:07,4,4,5
2026/12/10 10:20:23,5,5,4
2026/12/10 10:21:58,4,3,4
